{ "compressionlevel":-1,
 "height":40,
 "infinite":false,
 "layers":[
        {
         "compression":"zlib",
         "data":"eJztz7EBABAMAMGgQIH9t5U5Pl\/cANciohcx0kyriO0XzS+bXza\/bH7Z\/LL5ZfPL5pfNL5tfNr9sftn8svll88vml80vW8XvSbeIlz67hUsB",
         "encoding":"base64",
         "height":40,
         "id":2,
         "name":"Tile Layer 1",
         "opacity":1,
         "type":"tilelayer",
         "visible":true,
         "width":60,
         "x":0,
         "y":0
        }, 
        {
         "compression":"zlib",
         "data":"eJztz7ENgDAQBMEPjANDYNN\/sbgA4kNCs9IWMK2qjvC9vmvsz\/BXRPYeLy8vLy8vbz5eXl5eXl7efLy8vLy8vLz5eHn\/5J37Ff6OyCRJkpToAeuQJq0=",
         "encoding":"base64",
         "height":40,
         "id":3,
         "name":"Tile Layer 2",
         "opacity":1,
         "type":"tilelayer",
         "visible":false,
         "width":60,
         "x":0,
         "y":0
        }],
 "nextlayerid":4,
 "nextobjectid":1,
 "orientation":"orthogonal",
 "renderorder":"right-down",
 "tiledversion":"1.8.6",
 "tileheight":32,
 "tilesets":[
        {
         "columns":6,
         "firstgid":1,
         "image":"..\/tiles\/tilemap.png",
         "imageheight":96,
         "imagewidth":192,
         "margin":0,
         "name":"tilemap",
         "spacing":0,
         "tilecount":18,
         "tileheight":32,
         "tilewidth":32
        }],
 "tilewidth":32,
 "type":"map",
 "version":"1.8",
 "width":60
}