{ "compressionlevel":-1,
 "editorsettings":
    {
     "export":
        {
         "format":"json",
         "target":"base_map.json"
        }
    },
 "height":30,
 "infinite":false,
 "layers":[
        {
         "compression":"zlib",
         "data":"eJztzaERACAQA8EAAhAP\/XdLqsggTqzeJqmHDZu2wjYvLy8vLy8vLy8vL++Hb9kJu\/YAddwcIQ==",
         "encoding":"base64",
         "height":30,
         "id":2,
         "name":"Tile Layer 1",
         "opacity":1,
         "type":"tilelayer",
         "visible":false,
         "width":30,
         "x":0,
         "y":0
        }, 
        {
         "compression":"zlib",
         "data":"eJztzaERACAQA8EIQADiof9iSRUZxInV2yT1sGHTVtjm5eXl5eXl5eXl5eX98C07Ydcet6omrQ==",
         "encoding":"base64",
         "height":30,
         "id":3,
         "name":"Tile Layer 2",
         "opacity":1,
         "type":"tilelayer",
         "visible":true,
         "width":30,
         "x":0,
         "y":0
        }],
 "nextlayerid":4,
 "nextobjectid":1,
 "orientation":"orthogonal",
 "renderorder":"right-down",
 "tiledversion":"1.8.6",
 "tileheight":32,
 "tilesets":[
        {
         "columns":6,
         "firstgid":1,
         "image":"..\/tiles\/tilemap.png",
         "imageheight":96,
         "imagewidth":192,
         "margin":0,
         "name":"tilemap",
         "spacing":0,
         "tilecount":18,
         "tileheight":32,
         "tilewidth":32
        }],
 "tilewidth":32,
 "type":"map",
 "version":"1.8",
 "width":30
}