{ "compressionlevel":-1,
 "editorsettings":
    {
     "export":
        {
         "format":"json"
        }
    },
 "height":16,
 "infinite":false,
 "layers":[
        {
         "compression":"zlib",
         "data":"eJxjZGBgYELCyIAdiDmQ8Kjc4JMDAJl\/Adk=",
         "encoding":"base64",
         "height":16,
         "id":2,
         "name":"Tile Layer 1",
         "opacity":1,
         "type":"tilelayer",
         "visible":false,
         "width":7,
         "x":0,
         "y":0
        }, 
        {
         "compression":"zlib",
         "data":"eJxjYWBgYEXCyIALiLmR8Kjc4JMDAEeOApk=",
         "encoding":"base64",
         "height":16,
         "id":3,
         "name":"Tile Layer 2",
         "opacity":1,
         "type":"tilelayer",
         "visible":false,
         "width":7,
         "x":0,
         "y":0
        }, 
        {
         "compression":"zlib",
         "data":"eJwTZmBgEMGCRYFYEoilsGDpUTm6yskDsQIWrAjEAMafC2E=",
         "encoding":"base64",
         "height":16,
         "id":5,
         "name":"Tile Layer 3",
         "opacity":1,
         "type":"tilelayer",
         "visible":true,
         "width":7,
         "x":0,
         "y":0
        }],
 "nextlayerid":6,
 "nextobjectid":1,
 "orientation":"orthogonal",
 "renderorder":"right-down",
 "tiledversion":"1.10.2",
 "tileheight":32,
 "tilesets":[
        {
         "columns":6,
         "firstgid":1,
         "image":"..\/tiles\/tilemap.png",
         "imageheight":192,
         "imagewidth":192,
         "margin":0,
         "name":"tilemap",
         "spacing":0,
         "tilecount":36,
         "tileheight":32,
         "tilewidth":32
        }],
 "tilewidth":32,
 "type":"map",
 "version":"1.10",
 "width":7
}